{
  "n_d": 16,
  "n_a": 16,
  "n_steps": 8,
  "gamma": 1.6867971283087997,
  "lambda_sparse": 0.000506447356892995,
  "lr": 0.017194067952330448,
  "batch_size": 512
}